Unnamed: 0,relative_slope_CytC,relative_slope_RS,Ligand
0,1.0106678238924287,1.1628891938672288,1A10
1,0.9236578586197344,0.9910984569773008,1A11
2,0.9906344061897536,1.036706456296416,1A2
3,1.009574498339472,0.5777920491923005,1A3
4,1.0239257128472077,0.9581816225409576,1A4
5,0.9827648496888032,1.0214640157947958,1A5
6,0.899736358973116,0.6597724772325848,1A6
7,0.9753675227539156,0.9333335012259212,1A7
8,0.9540395991701404,0.9031008833989016,1A8
9,0.9704914452717528,1.17692335027678,1A9
10,1.7093201902070316,1.1108616545269436,1B10
11,1.2407009261520978,1.0160806056123797,1B11
12,0.9929743019616531,0.8385107190203706,1B2
13,1.3369257777097996,0.8728722574871809,1B3
14,1.0009359683505727,1.0037552732929895,1B4
15,1.1307100347221433,0.8762765860909185,1B5
16,1.120486520914327,0.8871366779539309,1B6
17,1.1502215505571296,0.7346259355315666,1B7
18,1.1152729489166733,0.8457657785247196,1B8
19,1.2714135064578675,0.9429413527676026,1B9
20,1.1385435786533311,1.0618814137364403,1C10
21,1.131606316595707,1.0273559464536344,1C11
22,0.9826662161248908,0.9879922128532802,1C2
23,0.9164491901511568,1.0040266843251575,1C3
24,0.9390433195918092,0.3887552622178427,1C4
25,0.911780135613075,0.9236820266205076,1C5
26,0.9436301953098606,1.1178147192524892,1C6
27,0.9220005857043108,0.938644826477159,1C7
28,0.9837262508166068,1.047865518324812,1C8
29,0.951271023405645,0.8325806373438954,1C9
30,0.8884615045943496,0.937077056324335,1D10
31,1.0975374165442515,1.4773298058525042,1D11
32,1.0905749703389684,0.463405719853091,1D2
33,0.9054239010295898,0.9013896620119238,1D3
34,0.9362595055997044,1.2303549520846384,1D4
35,0.8996639756387126,0.9286932828579444,1D5
36,1.0138996245424503,1.0799606460710824,1D6
37,0.8951245648471119,0.7871058689023759,1D7
38,0.942874710041642,0.8545172498259344,1D8
39,0.988680760777224,0.7769605958073968,1D9
40,1.2042604355884734,1.0094085022495212,1E10
41,0.9798665191767696,0.975836409185217,1E11
42,1.016718029160084,1.036707984283437,1E2
43,0.9976959019759444,0.9237000772101768,1E3
44,1.0863807385100313,0.958314501852741,1E4
45,0.9610733959548804,0.9668555514440764,1E5
46,0.9541877388540924,0.7829064602111188,1E6
47,0.9158245807451688,1.024105005303331,1E7
48,1.1122174908712874,0.7888158488157153,1E8
49,0.9049959119648092,0.9438751462069662,1E9
50,0.8255429097813621,0.8985642418489079,1F10
51,0.8602774049216998,0.5466151722488964,1F11
52,0.8555396386742617,0.9740031854317832,1F2
53,0.8006352715582876,0.8994452330604232,1F3
54,0.850790141559979,0.9081809495631504,1F4
55,0.8585890624706254,1.3004213320303837,1F5
56,1.734793904653846,0.9300994664710835,1F6
57,0.7587554753444998,0.7849743410061603,1F7
58,0.8165366119602206,0.9293429829227672,1F8
59,0.8177229334686894,0.8493783778377183,1F9
60,0.8662209989489479,1.0291751432509295,1G10
61,0.8707281702294722,1.1519021953981117,1G11
62,0.974654522998401,1.020468328508146,1G2
63,0.8769157154717261,0.9505628996477848,1G3
64,0.802505838039891,1.01837381635492,1G4
65,0.8137315605867893,1.0325792185526408,1G5
66,0.9349723741089572,1.033320622753556,1G6
67,0.7852885484444843,0.9365333168492664,1G7
68,0.8811199221322038,0.6787999159160263,1G8
69,0.928667372820704,1.0225829827915858,1G9
70,0.9486774613069152,0.8518043993704478,1H10
71,0.9205544105240208,0.9617910374836256,1H11
72,0.925672036060966,0.9363944466591664,1H2
73,0.960510374989282,0.8980223322727535,1H3
74,1.0613833624481868,0.527991653737561,1H4
75,0.8990962504998831,0.8589775743113377,1H5
76,0.7357464709683798,1.002213222002321,1H6
77,0.9064503418840896,0.7123237180874182,1H7
78,0.8891604384441736,0.8223850024974507,1H8
79,0.5850396993959516,0.9416847412402988,1H9
80,0.9845819352631862,0.967405522598364,10A10
81,1.4981947118011698,0.2250684598353071,10A11
82,0.9909860106886892,0.8194564987349605,10A2
83,0.8081183325611903,0.1734077251762042,10A3
84,0.9681860532508042,0.8866842740673501,10A4
85,0.9232624396942352,0.8625398810611143,10A5
86,0.4457278143068701,0.0697266736035114,10A6
87,0.925982875128556,0.9734568054515516,10A7
88,0.6289314130437246,0.8373656440445595,10A8
89,0.9364604002526552,0.8852575264399719,10A9
90,0.9639008934069578,0.898474409255721,10B10
91,0.8200191661965901,0.3659247910286913,10B11
92,1.177281317482137,0.6472506234818937,10B2
93,0.8364189124937569,0.9497332132207152,10B3
94,0.9073767699419384,0.8337015248852976,10B4
95,0.8352916520873709,0.9626545236636592,10B5
96,0.8727940640184204,0.9413545820359236,10B6
97,0.9359127993448784,0.5887065086196669,10B7
98,0.8704970747546292,0.8850108274074822,10B8
99,0.958800063148741,0.946679605975832,10B9
100,0.991386274823866,0.9238781106241184,10C10
101,0.8240468140099746,0.8176106550283366,10C11
102,1.0006810587127908,0.8283262557861615,10C2
103,1.3579749035130253,1.123966900840988,10C3
104,1.037079960768913,0.6262299493719138,10C4
105,0.9581504341091052,0.9305065846902024,10C5
106,0.8169422131336381,0.9456316472472492,10C6
107,0.968436965865882,0.8290192170329419,10C7
108,0.8252487597666326,0.92880836689583,10C8
109,1.04297998292965,0.8411749560385023,10C9
110,1.283320190244973,0.8032190452164197,10D10
111,0.8680945869181484,0.6998070139461888,10D11
112,1.0053832514720746,0.9856564136186916,10D2
113,1.2493726267372744,0.7675721183068825,10D3
114,1.0730150244697725,0.9318501539745404,10D4
115,0.9845679468133184,0.3844769503951009,10D5
116,0.9763665612266096,0.9088856998704732,10D6
117,1.0106591923350687,0.9150166623694024,10D7
118,0.8982971086190106,0.8156613420550565,10D8
119,1.0881167775707044,0.8513776841240239,10D9
120,0.9947460256442396,0.9341067550462382,10E10
121,0.6214267154830556,1.0672660051064502,10E11
122,0.9180262368653752,0.9086282324732092,10E2
123,0.9143116514345008,0.9407697016091302,10E3
124,0.8818824867769646,0.5761321871999042,10E4
125,0.8561409656383471,0.8557199685947988,10E5
126,0.8990085918400723,0.8810421474158665,10E6
127,0.9377372645532812,0.9811077301457184,10E7
128,0.9447936863959764,0.9034343719106624,10E8
129,1.003181271421591,0.9443657068565818,10E9
130,0.8906028384541496,1.0087756950466875,10F10
131,0.8597798362889466,0.9505532286388118,10F11
132,0.9253609204765636,0.9916788477303582,10F2
133,0.7821588783328742,0.95689590503565,10F3
134,0.7819275488430529,1.0023143933871834,10F4
135,0.9134003596760478,0.985113158673942,10F5
136,0.8976269931772254,1.0692836668986003,10F6
137,1.1724579935595392,1.0636990929780494,10F7
138,0.8615462021790822,0.914274168766582,10F8
139,0.9028975877497816,1.041892996042252,10F9
140,0.750137186327121,0.9530181226577634,10G10
141,0.934959049160446,0.9083359352659808,10G11
142,0.5999317753010783,1.0183222893209274,10G2
143,1.2475114752704692,0.435563145520176,10G3
144,1.197249908097444,0.6155401716966517,10G4
145,0.8249810053808654,0.4225669062388225,10G5
146,0.7560253580568479,0.827299240293367,10G6
147,0.8853378628495583,1.058326612022496,10G7
148,0.9246587002831734,1.0860055523486882,10G8
149,0.8907300491350262,1.00413414205667,10G9
150,1.0731639181414203,0.8571699000273119,10H10
151,0.8092545276379924,0.9537530835227672,10H11
152,0.9308100560539512,1.0882487639622125,10H2
153,0.9915140144495914,1.0020186643059812,10H3
154,1.0789808739569824,1.098601723121415,10H4
155,0.8919718508959109,1.0190852328348037,10H5
156,0.9646227344981338,0.9646777363845804,10H6
157,0.9440124012997522,0.8753154694891199,10H7
158,0.9671754058838852,1.003888930162744,10H8
159,1.094369506034767,0.9930961453129846,10H9
160,1.006905051680954,0.8477580608130908,11A10
161,1.1918712738561397,0.2525555915183963,11A11
162,0.9639538575510636,0.3719103286981642,11A2
163,1.226611722580872,1.2195733190437548,11A3
164,1.2087116802483506,1.017981518601375,11A4
165,0.9685601650968356,0.8135030726980103,11A5
166,1.0806072953046173,0.8226472313261977,11A6
167,0.1209792947022158,0.1210410613634543,11A7
168,0.9831719405933608,0.9336819991260294,11A8
169,0.9669766641972692,0.9005626723251925,11A9
180,1.0495047682985728,0.8321752966330987,11C10
181,0.9636062284531854,1.0284237418452211,11C11
182,1.087657502336717,0.9455351112928632,11C2
183,0.8590894640558039,0.9751058586861374,11C3
184,1.0850298458877274,1.044575080090178,11C4
185,1.1200853591754454,1.0026889155322545,11C5
186,1.147863894883589,1.021433094188407,11C6
187,1.126581844740467,1.0411979511408045,11C7
188,0.9529153914928904,0.9999493996068896,11C8
189,0.8958715779708345,1.0218852351215406,11C9
190,1.2902412544660204,0.8863743021900365,11D10
191,1.0773416961223383,0.6818361985249052,11D11
192,0.8713154589245314,0.9273973618676588,11D2
193,1.119650607664752,0.964801609303064,11D3
194,1.0212563489585451,0.9845092840272216,11D4
195,1.1691623545787584,0.8543931890997791,11D5
196,0.8278475868594732,0.9335439128062252,11D6
197,1.09918854887417,0.9758596133853488,11D7
198,1.0448204892303077,1.1138764567848625,11D8
199,1.26651623021425,0.6343794993638152,11D9
200,0.9883595674986232,1.1343292712297408,11E10
201,0.8660176247209902,1.053983576320053,11E11
202,0.9908864538945416,1.1011692757667508,11E2
203,0.9374606487520648,1.030502780332119,11E3
204,0.8552494419804622,1.11002956702588,11E4
205,0.9554938110560344,1.0071816354607277,11E5
206,0.8521454039481694,1.06990692668607,11E6
207,0.9116494187900396,1.1079480413198006,11E7
208,1.146918282749225,0.3936026922522021,11E8
209,1.0385468301591445,1.06583317034838,11E9
210,1.0713339335074925,1.0481628998642027,11F10
211,0.9210156074105184,1.163635092381232,11F11
212,0.9982363078464276,1.173202637465326,11F2
213,0.9270653885583222,1.0751278770911423,11F3
214,1.060762669551602,0.3454907768164464,11F4
215,0.965515606930122,1.1204516996194014,11F5
216,0.9455132177629768,1.1593901039186354,11F6
217,0.8502629525045727,1.0380523505920116,11F7
218,1.2592710734310202,1.4464377036322589,11F8
219,1.1187099009840735,1.5720308259783131,11F9
220,0.9215991503905884,0.9138168592497904,11G10
221,0.9653803610092108,0.946900857148634,11G11
222,0.980618285299738,1.1078143978712756,11G2
223,0.9307133054368276,0.9228675072484948,11G3
224,0.9743213034324671,1.00890505811462,11G4
225,0.9013943017833568,1.1588757284968716,11G5
226,0.9094652920345384,1.1412824495988172,11G6
227,0.85016195679407,0.888995231904081,11G7
228,1.1799498162046542,0.3315913100960874,11G8
229,0.6853532871881737,1.1910652769167382,11G9
230,1.0106606852680338,0.936661473281545,11H10
231,1.7722804245358008,0.4107673425961386,11H11
232,1.018029399846225,0.8655199050376081,11H2
233,1.9669672064005763,0.8847423236526847,11H3
234,0.9542801326409386,0.9742165601706282,11H4
235,0.9902492439678452,1.027734758888884,11H5
236,0.9959880763394746,0.9641238437755276,11H6
237,1.1293640524138804,1.0393964419932649,11H7
238,1.3261882292814104,0.5806501829748085,11H8
239,0.8704288489965903,0.9365841281394108,11H9
240,1.155163826193116,1.2195318687962475,12A10
241,1.1819857421721836,0.667589141036024,12A11
242,1.1713578106487557,1.826736710489211,12A2
243,1.106264478784937,0.9568242762832376,12A3
244,0.9916147567564136,0.9535596800101128,12A4
245,1.0476854079281748,0.9629781325790844,12A5
246,1.038540326529055,0.7754008662411989,12A6
247,0.9719122169682352,0.995989496764355,12A7
248,1.0298803440360655,0.7160544247775379,12A8
249,0.8730209236325566,0.869395413629553,12A9
250,0.984288211076344,0.942559955361624,12B10
251,0.8513847718498382,0.5977808424943284,12B11
252,1.0050305122966148,0.9356362462742802,12B2
253,0.9162858613785632,0.8707574141921106,12B3
254,1.0143822715870587,0.9542941533352902,12B4
255,1.0186366008042127,1.021075696429678,12B5
256,0.9072434389802986,0.8533548745151649,12B6
257,0.9939489916090788,0.962764774973416,12B7
258,0.9673599074767044,0.9935462566112684,12B8
259,0.9797886696304656,0.8255562252528247,12B9
260,0.9103463856407578,1.0378099622342556,12C10
261,0.9165882384239006,0.9066000195651498,12C11
262,0.9709592415955262,1.090237857765867,12C2
263,0.9138769449380112,0.9037119442704292,12C3
264,0.9686972768256276,0.9927998500018704,12C4
265,0.980654490592023,1.0351537165997962,12C5
266,0.9099232422312163,0.9260478660924024,12C6
267,0.9118149913386528,0.53305126370068,12C7
268,0.8958803966628218,0.96297879613894,12C8
269,0.887913935026176,0.8360339254336133,12C9
270,0.9737713864380512,0.9952753008696276,12D10
271,0.8865214138620691,0.8352383807115177,12D11
272,0.9756018411180204,1.0271708143157288,12D2
273,0.920385730963662,0.9985561504445232,12D3
274,0.9852939461319308,0.9433282070511108,12D4
275,0.8856209338804962,0.8531583874929435,12D5
276,1.508508958591638,0.482589568066799,12D6
277,1.0298708108099104,1.286782959379099,12D7
278,0.9604099131642654,0.8832691712806257,12D8
279,0.9321310416891762,0.5600992780001112,12D9
280,0.9085346103301636,0.9722585652491856,12E10
281,0.8630589346006468,0.9928033352076118,12E11
282,0.9245049718728932,0.6965046689247202,12E2
283,0.9010450597296762,1.0285306812010446,12E3
284,0.9626378569914684,1.0654112818960613,12E4
285,1.0136745259330826,0.5097238367529923,12E5
286,0.9601114165528872,1.105893333669342,12E6
287,0.95190092641613,1.5014214388847211,12E7
288,0.8739902843373928,1.0532394125667115,12E8
289,0.9673457762437184,1.0207670192725942,12E9
290,0.9974533658085032,1.0341351088554205,12F10
291,1.0607736657919589,1.0723084885724985,12F11
292,1.1005595893552362,1.0526482263778396,12F2
293,0.9684398514742616,0.9580376819122668,12F3
294,1.2151701700339057,0.9927507861240934,12F4
295,1.1690338915963163,0.5039509509900196,12F5
296,1.1560923406206995,0.9273791174180444,12F6
297,1.225788126736935,1.0550684451149144,12F7
298,1.0227940514311198,1.5574426368934218,12F8
299,1.0459383697771476,1.0202152131384354,12F9
300,0.9383881697073164,1.0510161919301604,12G10
301,1.016682196785296,0.6740438156024701,12G11
302,0.9583382591191713,0.905049752946172,12G2
303,0.9624672296309408,1.037280707243942,12G3
304,0.9955365812601082,0.7536247920095831,12G4
305,0.9674825384681142,0.958665633089692,12G5
306,0.9575081000127514,1.1253269543079054,12G6
307,0.8654635017962193,0.9229323833109454,12G7
308,0.9087986963187856,1.239125823437309,12G8
309,0.9446034504952968,1.9973448408222256,12G9
310,0.9542999219933872,1.068748533414264,12H10
311,0.9997429232551286,0.490122861568965,12H11
312,0.9664041411206854,1.0173748694279403,12H2
313,0.9283331408939368,0.9911024114175532,12H3
314,0.9225969742317875,1.080638223891908,12H4
315,0.9448352470008412,1.0998461720120731,12H5
316,0.9480383778684262,1.0161997809107437,12H6
317,0.9898187817905602,1.012306434222642,12H7
318,0.9737548882492282,0.9239243901117552,12H8
319,1.0070836404502912,0.9978089731427136,12H9
330,1.004085426906478,0.9360457018977656,13B10
331,0.8387148420422607,0.5307017955670184,13B11
332,0.9072092720915418,0.8374718187130975,13B2
333,0.8799222071668578,0.7816595938393733,13B3
334,0.9199778213476668,0.8048656500015803,13B4
335,1.1293901584247072,0.358312760342295,13B5
336,0.6205933192860262,1.1188020237786929,13B6
337,0.7464571712785835,1.0212700590679251,13B7
338,0.7336541811941288,0.8024162032784423,13B8
339,-0.0851341476324661,0.2793179549514161,13B9
350,0.916015561369786,1.025353491927354,13D10
351,0.9150722778368808,0.821506388203819,13D11
352,0.8562606653013578,1.2313313406705937,13D2
353,0.9999397107388648,0.946200337457914,13D3
354,0.966270217966274,1.0008379832074408,13D4
355,1.0949113991265167,0.7189339820598245,13D5
356,1.0205208168333602,0.737795358755965,13D6
357,0.923600025314,0.9842771608734432,13D7
358,0.7780647446749788,0.98510546494963,13D8
359,0.5757515842782082,1.1100170364988913,13D9
380,0.9132596993314293,0.7683810022676599,13G10
381,0.9334634232415484,0.7401938278131548,13G11
382,1.014962625409087,0.8907884781366597,13G2
383,0.8178901302499255,0.781524844327446,13G3
384,1.158867913827051,1.0297522532920955,13G4
385,0.9182904273264426,0.8817118659913589,13G5
386,1.0712855750890182,1.0081073324160952,13G6
387,0.859070481162757,0.8713922551352768,13G7
388,1.1426202675208506,0.0672212860920745,13G8
389,1.0881734149879811,1.04195820119791,13G9
400,1.110737570025101,1.322857576885779,14A10
401,1.0263523779443793,0.8438133568983984,14A11
402,1.1054617085293488,0.8276270287970137,14A2
403,1.122816297355254,0.8400770839374264,14A3
404,1.0996113503000484,0.9652087260245162,14A4
405,1.1758102963911097,0.8558258030635507,14A5
406,0.9699030869225524,0.8980234210903377,14A6
407,1.047224429409712,0.8648866130691241,14A7
408,1.20454577189687,0.1835479568681616,14A8
409,1.04525524876573,1.0310803870033434,14A9
410,0.8757252518822455,1.0543511813905024,14B10
411,0.8997430917781217,0.6451689625316689,14B11
412,0.993427007220254,0.9644432127502384,14B2
413,0.8820114476976526,0.8919789177831764,14B3
414,0.8815154576534435,1.0008118432477802,14B4
415,0.95708364602169,0.6543974212612835,14B5
416,0.9886954196556578,0.5871446716437593,14B6
417,0.9114899580292324,0.8810544848283716,14B7
418,1.021342755269683,0.8063502202103496,14B8
419,0.9453201905344072,0.8184313084485609,14B9
420,0.9768153931465088,0.9368036745929504,14C10
421,1.1846025902713937,0.9969101950190036,14C11
422,0.9598891928293865,0.916289881792761,14C2
423,0.9568778371346532,0.8065515283003569,14C3
424,1.0272051275570564,0.8485708484939005,14C4
425,1.033669082186654,1.106152795497516,14C5
426,1.3595791349500876,0.3429472774673716,14C6
427,1.0096762906821546,0.9778185621998272,14C7
428,0.9282012897457688,0.5016183165135208,14C8
429,1.0175507620048456,0.98869336471545,14C9
430,0.982982204033411,1.053334244273162,14D10
431,0.9601391014278188,0.9908506235575366,14D11
432,1.0092452339335434,0.9728186935081108,14D2
433,0.9958910579417064,0.9381811385354228,14D3
434,0.9729266424071288,0.7032597877360371,14D4
435,0.9396759268361116,0.703695892173036,14D5
436,0.9282676346097256,1.0669619740749152,14D6
437,0.9169004912411608,1.0417930588605109,14D7
438,0.9195727285487576,0.819306195466447,14D8
439,0.7866481291999198,0.9500207735892424,14D9
440,1.0163706777535595,0.9121226337766416,14E10
441,0.9308793430145854,0.8447846492186775,14E11
442,0.9499702125471242,1.1716202238204818,14E2
443,0.92841596417594,0.9860769315091272,14E3
444,1.004781341107872,1.0092594038422351,14E4
445,1.0044892421011822,0.7148560504427063,14E5
446,0.8679381781788122,0.7748303951737943,14E6
447,0.9892355344929212,0.8864217627100872,14E7
448,1.0365555735765914,0.5305355124751391,14E8
449,1.0541201229474153,0.4415111169017691,14E9
450,0.9599468646328524,0.9520260946130796,14F10
451,0.9162080709995608,1.031265478258792,14F11
452,0.7581960309194284,0.9666900651090276,14F2
453,1.135188745330565,0.6502521547182473,14F3
454,0.8996157411157006,0.8012653873520608,14F4
455,0.8814995742823944,0.916727701770966,14F5
456,0.9884482360387437,0.9099936258693576,14F6
457,1.0255744740575914,0.9961987499660978,14F7
458,0.9953686534488176,0.9063917968318184,14F8
459,0.8318274155191708,1.1638479401265411,14F9
460,0.9264543834098452,0.9825303333201152,14G10
461,0.9385654021151528,1.0071318452711495,14G11
462,0.8096863337428826,1.2235629737963596,14G2
463,0.8284916286101955,0.9971516976946996,14G3
464,0.9514128118751256,0.9203755024021336,14G4
465,0.8629209380966284,0.9788966565220104,14G5
466,0.7683642503853648,0.5067094119194616,14G6
467,0.9672592502664732,0.980128546461874,14G7
468,0.9378331464294272,0.7709947741522892,14G8
469,0.9349888987497752,1.0252728498612422,14G9
470,0.9305083859628922,0.516170374430037,14H10
471,0.8456340130155512,1.0590424891620027,14H11
472,0.7532218056687302,0.8904009785613981,14H2
473,0.9529164582872346,0.9932427964868508,14H3
474,0.9341232300070604,0.8416506469503794,14H4
475,0.9117243994315534,0.8363974366653752,14H5
476,1.0068280680889805,0.7328877465476743,14H6
477,0.7105777360461474,0.8520246106316658,14H7
478,0.7907179571404657,0.9368995247456317,14H8
479,0.9000592000025351,0.8460086666731257,14H9
490,1.0333441109933723,0.9135953370947656,15B10
491,0.3839202587882691,0.1802591799745222,15B11
492,0.9590874398767448,0.9975854558438272,15B2
493,2.1617176507000586,1.1113038430903563,15B3
494,1.0469207979125454,0.8002273124217443,15B4
495,0.2348840481836518,0.1690108951441344,15B5
496,0.9031467832675446,0.8070524709654268,15B6
497,0.9461299849095184,0.9614919037037056,15B7
498,0.7599590877293919,0.9391197298729538,15B8
499,0.8654072452248202,0.9020482091542852,15B9
500,1.0313478165007632,0.922670388697618,15C10
501,0.1635123411486441,0.1808200538648064,15C11
502,0.8792804320010419,0.926774774360476,15C2
503,0.974532468752937,0.9182351893375592,15C3
504,0.99786746474088,0.93429169717663,15C4
505,0.919011100026748,0.6051465153983976,15C5
506,0.8922730837905636,0.7477277858304343,15C6
507,0.9037892259981354,0.9094375387886354,15C7
508,0.9608693334200804,0.8691793137334637,15C8
509,0.8760138578647179,0.9732990393865198,15C9
520,1.0143443838649702,1.0289166703581856,15E10
521,0.918588150097832,0.967597042911824,15E11
522,0.871552853850278,0.530027808888048,15E2
523,0.9125023500658016,0.7817288128547616,15E3
524,0.9453745830809188,0.8567194099239863,15E4
525,0.904953172762912,0.9444115574315852,15E5
526,0.8416870339036165,0.8840636024937825,15E6
527,1.637063497037177,0.6918625242066755,15E7
528,1.0267115094037451,0.845660941615787,15E8
529,0.9123279925912006,0.9640627824955696,15E9
530,0.6507850361047521,0.960408895242538,15F10
531,0.5843932724744386,0.8636807390194203,15F11
532,0.579250857005505,0.7628961555956547,15F2
533,0.4853056332706806,1.1344563488367465,15F3
534,0.6938340862454193,0.8255431077824139,15F4
535,0.5545023186011335,0.9961708820200644,15F5
536,1.235076104024723,0.9647806452265776,15F6
537,0.6156648802745838,0.7665554727525705,15F7
538,0.6076102761795174,0.8885510725951594,15F8
539,0.5801959821182018,0.8762969088897444,15F9
540,1.0083445060644092,1.039263532375346,15G10
541,0.8683762015534546,1.241756807841667,15G11
542,0.8833332344026106,1.0785219429285164,15G2
543,0.9522005642660816,1.0728599829877423,15G3
544,0.943686669612076,1.0710614175652369,15G4
545,0.9648934935387148,0.9559253959353924,15G5
546,0.9061808602387716,0.4674434769891867,15G6
547,0.9194988569055076,1.0995653712443765,15G7
548,0.8560765879927887,0.9531579917398938,15G8
549,0.848641552598097,1.1974232826436717,15G9
550,1.2448493100464306,0.8317903606375459,15H10
551,1.005440853422461,0.7071010167648859,15H11
552,1.0079513389465855,0.150943084473158,15H2
553,0.9446548050944614,1.0217954136056495,15H3
554,0.8827022304101377,0.9255964185027532,15H4
555,1.0200864009704698,1.073564401687821,15H5
556,1.66796826008043,0.491725161941564,15H6
557,0.93901051216002,1.0806955282323596,15H7
558,0.9981900175377448,0.9363533155876644,15H8
559,1.0080830503007336,0.8375967743837409,15H9
560,1.1669766050691188,1.0489161340325348,16A10
561,0.9928475753280368,1.064505412699716,16A11
562,0.9938489147821112,0.9186943005588656,16A2
563,1.0727206523011312,1.0938550221140215,16A3
564,1.0011313835390203,1.0310113570127208,16A4
565,9.362669970996746,0.3269607496755913,16A5
566,1.579281376386596,3.1921204435386055,16A6
567,0.8883831618918817,1.0533096507973922,16A7
568,1.2253403903923437,0.368775868767924,16A8
569,1.0735399300362836,1.4619670645467857,16A9
570,0.9486228092001202,0.3841243409883048,16B10
571,0.9147590431410212,0.9845633993675604,16B11
572,0.9130401573489914,0.9648616431497288,16B2
573,0.8435669537823963,0.9323595448991432,16B3
574,0.938292934748972,0.4750425117518396,16B4
575,0.82507982858017,1.082251166272632,16B5
576,0.8374142048102441,0.9812414088479317,16B6
577,0.956781134192581,1.023022206009749,16B7
578,0.9023267318548632,0.979568232165725,16B8
579,0.9582472303526696,1.0542425841817815,16B9
580,0.9590920122005512,1.017091237635261,16C10
581,1.6087739912459118,0.4994307525442386,16C11
582,1.0324175354118037,0.2293460769039759,16C2
583,0.9147868831851332,1.0030409009075605,16C3
584,1.04367834052947,1.1366333826855743,16C4
585,0.9693100612646466,0.9332583376839976,16C5
586,0.8810267284259929,1.2207258221292645,16C6
587,0.9911594888618462,0.9867054488059216,16C7
588,4.58341742891014,0.3481268265553953,16C8
589,1.0097108567098667,0.6637989101450897,16C9
590,0.9013683880594838,1.120294352207455,16D10
591,0.91210514751746,1.1398835896349215,16D11
592,1.0056903533900434,1.0384220437214444,16D2
593,0.8808924460105778,1.107795110047338,16D3
594,1.0147439361800732,0.4056165551419385,16D4
595,0.9024138652771402,0.94261296559408,16D5
596,0.9016324647750188,0.986196863857898,16D6
597,0.8650011923022053,0.7958504219138246,16D7
598,0.7749864369115941,1.1099317405413869,16D8
599,0.9272691489461408,1.0969159692872965,16D9
600,0.9426011301727472,1.0762572105943289,16E10
601,1.0913044811656112,0.8823432544444828,16E11
602,0.9133789437180492,1.1267970764447834,16E2
603,0.8056936274925067,1.0944768556525268,16E3
604,0.9790532653259496,1.310296627335081,16E4
605,0.8735018476988313,1.0589318922252648,16E5
606,0.9918090463146066,1.102229026706324,16E6
607,0.9858787383705202,1.0633476537744893,16E7
608,0.9580415486141776,1.058588002462724,16E8
609,0.9859139101665144,0.9915301897426,16E9
610,0.7886289366592297,0.491131971510373,16F10
611,1.0255805664159994,0.7571555590196976,16F11
612,0.9396006084642198,0.4406190535571213,16F2
613,0.8604459063624736,1.2041632717821784,16F3
614,0.9075571433536668,1.0362851372106272,16F4
615,0.931372512769392,1.0265871409118328,16F5
616,0.846366851863219,1.1664486174362116,16F6
617,0.9762485977147832,0.886153143700791,16F7
618,0.9154302769370032,0.99417785148015,16F8
619,0.7215100384024636,0.4027027355854771,16F9
620,1.2324937562225695,0.5913196523204848,16G10
621,1.2500870710290528,0.3059658281934397,16G11
622,0.8966607808649893,0.9744053023728824,16G2
623,1.0043485138123216,0.9042295779328168,16G3
624,0.9982431115588504,1.0267185299240338,16G4
625,1.0582202584851308,0.9851221332650292,16G5
626,0.909128418586478,0.99460507811205,16G6
627,0.7866090589204501,0.9386428989960988,16G7
628,0.999117990365515,1.023969973437249,16G8
629,1.0003976051237706,0.5713936077826273,16G9
630,0.7401284315335273,0.397537995764892,16H10
631,0.8934920799809671,0.967982286842092,16H11
632,1.039180665346384,1.0040688765423895,16H2
633,0.2069827525542779,0.1195966020233692,16H3
634,0.829249505452587,0.8795567886169611,16H4
635,1.0549047598303514,0.9711769055347328,16H5
636,0.9779115187380696,0.932579197631405,16H6
637,1.0104248695634688,1.1106667462400397,16H7
638,1.029957007047091,0.9246758966305836,16H8
639,1.03093415007657,0.9319607514016878,16H9
650,1.0134144652119714,1.2180638587548571,17B10
651,0.9378925549871996,1.3246680571523055,17B11
652,0.851192607832373,1.024156422023781,17B2
653,1.0156185707176175,1.1102832382858838,17B3
654,1.013459101426821,0.951457538816378,17B4
655,1.0488551067421203,0.7758899226845446,17B5
656,0.9803687874854426,1.1624992465851691,17B6
657,1.0822286297708166,1.0767226279031232,17B7
658,1.0498673740053044,1.1801232245404725,17B8
659,1.007126402577613,0.9251234885955764,17B9
660,0.9945028280899813,1.0040377418921098,17C10
661,0.9582111993415912,1.1106046736257211,17C11
662,0.917881817657405,1.1344056425667164,17C2
663,0.8915949938355953,1.2292712030575754,17C3
664,0.8453041577209428,0.861703721777892,17C4
665,0.9203363693327238,1.1474969143123377,17C5
666,0.7560009818206699,0.4839589849430147,17C6
667,1.2691741706429556,1.171655848616299,17C7
668,0.8602640779982252,1.5015067926061734,17C8
669,1.0900572907774952,1.1276434136930702,17C9
670,1.0111365695589176,1.2045378887258316,17D10
671,0.91144040613712,1.0307872639582054,17D11
672,1.0069581609528828,0.9544378574781074,17D2
673,1.0223819209596148,1.096816079890681,17D3
674,0.9776796536678072,1.0476719486297217,17D4
675,0.8941876516417732,0.8553151349894518,17D5
676,0.8204773493171942,1.7619259168477392,17D6
677,1.0481369912310887,1.176509563120461,17D7
678,1.0295669958172575,1.733175737364918,17D8
679,1.0360414538636131,1.0028510422548218,17D9
680,0.9941692905080062,1.1722244780274191,17E10
681,0.9254445082934566,1.0838544639640852,17E11
682,1.1514408839057235,1.1722828928685567,17E2
683,0.9929348272236888,1.0488624530481112,17E3
684,1.072722995619134,0.944706643530188,17E4
685,1.242407190163839,2.3768623932687456,17E5
686,1.0059670874522568,1.0834258939776382,17E6
687,0.944896683764668,1.1961339996520564,17E7
688,0.9693189311145664,1.2990100461733256,17E8
689,0.8306366688116404,1.173235479382762,17E9
690,0.959917821610362,0.9062788792067324,17F10
691,0.9858086591370882,0.9453066651690633,17F11
692,1.0282676371412092,0.8746494576263449,17F2
693,0.1471392282465201,0.6274422119155727,17F3
694,0.9783516196879776,0.9208925496273752,17F4
695,0.945978718687176,1.073958330261679,17F5
696,0.1465905096386349,1.0147711695558883,17F6
697,1.150967524956611,2.525815181818079,17F7
698,0.861048720628957,0.7970217797556848,17F8
699,1.0323270982035626,0.9773463383810308,17F9
700,0.9721622100367184,1.063971593755129,17G10
701,0.8606776181492318,0.994102384435896,17G11
702,0.9273240186170558,0.7752359643732415,17G2
703,0.9525225616165932,1.0474531538683716,17G3
704,1.0383940042992184,1.0793788580030343,17G4
705,0.8269355573552766,1.2739422603907786,17G5
706,0.9198680685925744,2.3252470362712456,17G6
707,0.9976059585718672,1.104479515896694,17G7
708,0.9630938595738064,1.1583466169246992,17G8
709,0.913008114988246,1.1278881283352884,17G9
710,1.029245317666384,0.9195576290697784,17H10
711,1.0216251528874154,0.596048771759553,17H11
712,0.8950208320117411,1.0470066419946389,17H2
713,2.322925858487576,1.0156023391682518,17H3
714,1.0144914361045865,1.1499529099180192,17H4
715,1.0417552829395642,1.023782348286837,17H5
716,0.7760407566225244,0.6722917132488996,17H6
717,0.9554063995138764,1.174470688597722,17H7
718,0.9620790982081614,0.7787665258146386,17H8
719,1.0424638421493315,1.1090771067422434,17H9
720,0.7653062970509547,0.8751594197713969,18A10
721,1.0043938749943817,0.9224622482166428,18A11
722,1.0523940903647533,1.0267656626890345,18A2
723,1.0106382469034223,0.9978025474254923,18A3
724,0.348222863618308,0.2553677100825565,18A4
725,1.038930248061495,0.9495176020235108,18A5
726,0.9566510089668446,0.9506732157538358,18A6
727,1.0881578920351047,0.9539264993966934,18A7
728,0.9717182654380516,0.8830146881526972,18A8
729,1.0951250323112585,0.8202616631928383,18A9
730,0.9961737852662966,0.6525356646268051,18B10
731,1.567154778839769,0.5663968434152926,18B11
732,1.0144714097303758,0.9860726890595986,18B2
733,0.7498373005131521,1.0693136797172895,18B3
734,0.9383951042881088,0.8478546218098574,18B4
735,0.9768016448486176,1.0035889329800114,18B5
736,0.9339263191411112,0.8268983501113838,18B6
737,1.0217634732041556,0.8711656127934091,18B7
738,0.9370235743534602,0.8906170118230652,18B8
739,0.99397703366131,0.7674988169729481,18B9
740,0.9497393362720524,0.9664968798666252,18C10
741,0.8999140750957564,0.9927697075743264,18C11
742,0.9237236610346402,1.0725891048689542,18C2
743,0.9360413035982212,0.8349129697266762,18C3
744,0.9611649254913652,1.0404135911314454,18C4
745,0.9332913338862846,0.9770260807372676,18C5
746,0.8764768925379528,0.9422466846841075,18C6
747,0.835693317055441,1.010009109063792,18C7
748,0.8777883190591124,0.9679824234944197,18C8
749,0.974352254829781,0.9166167659814268,18C9
750,1.0068859555867975,0.9777261090575756,18D10
751,0.8531031096184248,0.838676635071637,18D11
752,1.0158735324449542,1.015772823924726,18D2
753,0.7935207724940737,0.9023633640486808,18D3
754,0.9833707228101842,1.0307748311868536,18D4
755,1.0081266064095833,0.9776831798994484,18D5
756,0.8307547611918926,0.7480926329565127,18D6
757,0.9994438586518672,1.003135312374519,18D7
758,1.0016434736198077,0.506150496592853,18D8
759,1.018869391397672,0.8806216007824935,18D9
760,1.036476965302926,1.065190032570559,18E10
761,0.8603009223756387,1.1055038467834697,18E11
762,0.98726662079,0.9232400155078204,18E2
763,0.8666808270841324,0.9132515988253462,18E3
764,0.9928578635556958,1.0446214570877608,18E4
765,1.0563667571274256,1.0749030318895392,18E5
766,0.7929328327413543,0.8468986589497619,18E6
767,0.9529386049442236,1.0608666090266452,18E7
768,0.899870221896056,1.0271860948010203,18E8
769,1.1555136016211551,0.5983752316182577,18E9
770,1.1049719339472563,0.9446296535918708,18F10
771,0.9813142941356392,0.9307862892329012,18F11
772,1.080734994910522,0.5899999978981766,18F2
773,1.0118786028785418,1.0241687587623214,18F3
774,1.030495944385003,0.8441891637747418,18F4
775,3.663117003114718,-0.0083469777783739,18F5
776,0.8500656084936449,0.7284836065350948,18F6
777,1.073351171147686,0.9600779872764758,18F7
778,0.9625039238539328,1.0164935634809948,18F8
779,1.0708408508500256,0.7519701307522615,18F9
780,1.0080267761198132,0.8566792908200386,18G10
781,0.9022280643719308,0.6916968006644896,18G11
782,0.9888951654643162,0.970620403682904,18G2
783,0.8738274137294854,0.8451840564275249,18G3
784,0.9037430203074656,0.9317651350828432,18G4
785,0.8787433419761932,0.9069612008039776,18G5
786,0.8821019785324523,0.3761770273155759,18G6
787,0.9789545641886838,1.0218908161623304,18G7
788,0.8392241599361824,0.8023456342520079,18G8
789,1.0020981102066115,0.6089385121996693,18G9
790,1.0234825717207643,1.0142263111710643,18H10
791,1.1416685801241606,0.5448249338064197,18H11
792,1.011399405373666,0.4800339815289822,18H2
793,0.9767254373486002,0.984220899953994,18H3
794,1.050808439321933,0.8108858809183798,18H4
795,0.9859723089515068,1.0026771804028811,18H5
796,0.9913153036212216,0.898033810135048,18H6
797,0.9998589266393104,1.1290560336356532,18H7
798,0.9226282517833276,0.9310751453436414,18H8
799,0.9919291633798968,0.8124346759512445,18H9
800,1.0849348244145005,0.2954224565107509,19A10
801,1.0205126400354356,0.8679253178037253,19A11
802,0.9007436053370668,0.872783666269156,19A2
803,0.9484215002433258,0.9661268095209028,19A3
804,0.8739919253153323,0.5192866118769998,19A4
805,1.0349978469450274,0.5093364870317738,19A5
806,0.9830671921271492,1.1270351029953116,19A6
807,0.810808896364867,0.9773055205950638,19A7
808,0.8244194316966011,0.7926049952207197,19A8
809,0.9314194269892448,1.0473354579030458,19A9
810,1.1738509121358351,0.3781272587838842,19B10
811,0.865526638044946,0.8626598959389067,19B11
812,0.9687774136871194,0.952480321931803,19B2
813,0.9332615692898948,0.8482292472403756,19B3
814,0.9911263631215425,0.9894485942606835,19B4
815,0.7914398145235062,1.0256511005863649,19B5
816,0.968113725357328,0.7419560921613904,19B6
817,0.8237886187519057,0.7827323195029005,19B7
818,0.962974206570088,0.6510352013573313,19B8
819,0.9383031224135172,1.306878101683118,19B9
830,1.1239814477329837,0.2345229099282586,19D10
831,0.9502224807254038,0.8515967395643153,19D11
832,0.950172369559994,0.9828786813448888,19D2
833,0.9536189041587558,0.9171566793555568,19D3
834,1.0075500822551229,0.884405055829496,19D4
835,1.013783568591692,0.90758059600188,19D5
836,0.4033481967904013,0.4325826868001985,19D6
837,0.8205870373122606,0.982170160819432,19D7
838,0.8576628752073511,0.9679737467693416,19D8
839,0.9426394193272338,0.9362019690540964,19D9
840,1.1966900066874628,0.2187001482413249,19E10
841,0.7448618535139222,0.7702198345973613,19E11
842,0.9374281621078332,0.9973575807288572,19E2
843,0.902585853608607,0.6615697877302543,19E3
844,1.081900252400522,0.9549761280030776,19E4
845,0.9859588433531123,0.871190678732284,19E5
846,1.030456169104457,0.8483147523780746,19E6
847,0.8958047330372023,0.4093998463339044,19E7
848,1.0091156537721426,1.0127741735956763,19E8
849,0.928790765111323,1.0094424739371703,19E9
850,1.2092612333879014,0.2768159773066576,19F10
851,0.8085457103528116,0.765312958183909,19F11
852,0.8315533020584548,0.7323136057310529,19F2
853,0.9149704004221992,0.8739182152735949,19F3
854,1.026698713860606,1.051950989096177,19F4
855,1.2691414308666435,0.3453099869053947,19F5
856,0.8369595107732166,1.1735175650916936,19F6
857,1.1488852717478006,0.4501865831708165,19F7
858,0.9021253889369304,0.9885770443632376,19F8
859,0.9436771346625736,0.5350558403414406,19F9
860,1.175227580907274,0.2269200472419193,19G10
861,1.0088890732758942,0.7706249389123117,19G11
862,1.0244684047882815,0.7716618669019407,19G2
863,0.9613811384053718,0.8290266626480373,19G3
864,0.9925013044134776,1.054596722893128,19G4
865,0.9311755568612148,1.1804022591187333,19G5
866,1.0452541774869455,0.949606755584979,19G6
867,0.8684115906668283,1.0302709578288238,19G7
868,1.0027927156169318,0.765357310006974,19G8
869,1.0122603654151776,1.0222036374677996,19G9
870,0.7071493717380594,0.8899673999609591,19H10
871,0.981285143932403,1.0824919558140766,19H11
872,1.002365129309195,1.0872254664304517,19H2
873,0.988398800832664,1.120491121146414,19H3
874,1.1599187572762215,1.3122584348360158,19H4
875,0.9335794358019264,0.6150520530508098,19H5
876,1.0249503977315964,0.9960990064433878,19H6
877,0.8994887297503004,1.0123300026105022,19H7
878,1.035875644909793,1.0150122496020515,19H8
879,1.0119352603820475,1.0665313303800306,19H9
880,0.9501019199463347,0.9895852450595466,2A10
881,0.871185035073181,0.926737760123962,2A11
882,0.9690943537597856,0.6502822010252647,2A2
883,0.958298704589459,1.0937468499630765,2A3
884,0.8717999821300829,1.0220990788585442,2A4
885,0.906184318889672,0.997848915757985,2A5
886,0.991559336546618,1.1426448050405718,2A6
887,0.8849115884831356,0.9235449722184262,2A7
888,0.8159923480299209,0.8892109257338782,2A8
889,0.8537232330128302,0.9326432927908108,2A9
900,0.6716027526251784,0.8856246789955393,2C10
901,0.8808032070576594,1.0449135541787566,2C11
902,0.7543355728271958,1.0807485356455306,2C2
903,0.879575392590932,1.0879621075177586,2C3
904,0.8714644470875467,0.979463755530002,2C4
905,0.765942966239135,0.9938969687761172,2C5
906,0.8770578241026408,0.853321581569515,2C6
907,0.6675559043684635,0.8608994222677901,2C7
908,0.7930685717914722,0.9871310411888669,2C8
909,0.7879530702026051,0.9698217999371032,2C9
910,0.8363094675337281,0.9001180531257229,2D10
911,0.8752886948319375,0.9717579140855396,2D11
912,0.8889980189119091,1.0600268704197444,2D2
913,0.8950776056728881,0.9213911001748016,2D3
914,0.93994769322362,0.9073226965658028,2D4
915,0.9409266219449672,1.01489886420125,2D5
916,0.8236525458539686,1.0686070537042602,2D6
917,0.8417796549582397,0.7365017558035353,2D7
918,0.8913542189468809,0.9317438571857805,2D8
919,0.8697129790353306,0.9876809885229252,2D9
920,0.9988554501836768,0.9939421792835852,2E10
921,2.854514738100884,0.4525767193546736,2E11
922,0.9787147664285905,0.9779148351962034,2E2
923,1.0821917754173105,0.9146358285845168,2E3
924,0.9981598826806848,0.9035609356338954,2E4
925,1.0157428123143986,0.902415760686011,2E5
926,1.0018389337104048,0.9552491055314316,2E6
927,0.9742257323678774,0.857783506436675,2E7
928,1.0036368356452503,0.7790480876511315,2E8
929,0.9414567306117962,0.9513078607479492,2E9
930,1.224354659010785,0.4755073882280602,2F10
931,1.007671364698688,1.005314760570834,2F11
932,1.0118668697573516,0.9777068994592172,2F2
933,1.0489199425670257,0.9089348617066476,2F3
934,1.0063222028637446,1.0719002273586553,2F4
935,0.9206615191451328,0.6054253812548256,2F5
936,0.8596552773650713,0.9741355451866524,2F6
937,0.9562101309158414,0.9310780029860548,2F7
938,0.984219798291292,0.9236541193429691,2F8
939,0.9370057204184472,0.9845817060618112,2F9
940,0.8944649387605891,0.8880074186276986,2G10
941,0.8974814848801151,0.8386259852902359,2G11
942,1.015043664779372,0.923532913905666,2G2
943,0.963610772125092,0.9133345875131978,2G3
944,0.9670904559878668,0.8883200392368981,2G4
945,0.9205442816037064,0.8417638507096634,2G5
946,0.9611840367424817,0.8562744180802547,2G6
947,0.8769295397265285,1.1126675033994675,2G7
948,0.8384791327853804,1.0495437257348803,2G8
949,0.9459091355665348,0.8454252595930125,2G9
950,0.8677855917656213,0.9618912058139062,2H10
951,0.9304591829198822,0.6840321710954523,2H11
952,0.8532066641022003,0.9765931585938776,2H2
953,0.9289596764405376,0.8471791176903538,2H3
954,0.9856943228748908,0.902584858953356,2H4
955,1.1631552955697448,1.1505912086590329,2H5
956,0.8306119591903048,0.9036511771070628,2H6
957,0.9221643754507344,0.8785442821487713,2H7
958,0.8397945900888721,0.983882342066503,2H8
959,1.171407718701575,0.2811496022062109,2H9
960,0.931967094407382,1.0269888860659289,20A10
961,0.8000460373698964,0.9670221554321476,20A11
962,0.934915016023544,1.0440696859962244,20A2
963,0.8934309645472267,0.9833064373653588,20A3
964,0.9674777623682408,0.994662540246942,20A4
965,0.9755012692440296,1.008970433682666,20A5
966,0.8714686355639726,0.9228185410264328,20A6
967,0.8649079626394931,0.990218351664195,20A7
968,0.9528226488560464,1.236189578091589,20A8
969,0.8442179201853184,0.5762327140809109,20A9
970,0.9028747520940996,0.9457697392823472,20B10
971,0.8139581569712888,0.9000513151212518,20B11
972,0.9569976435137464,0.2701293875507016,20B2
973,0.9133122802983018,0.8541179592123507,20B3
974,0.9491470554508512,0.998916124849762,20B4
975,0.8709955821238201,0.8684934769582447,20B5
976,0.8685695242445673,0.7498716118819629,20B6
977,0.9317395169755828,0.9589517853647082,20B7
978,0.7409152783712541,0.764221726127537,20B8
979,0.8569910532350646,1.166522608579878,20B9
980,0.7633446380483829,0.9945220369931336,20C10
981,0.7970316548869139,0.8620733113115864,20C11
982,0.8893311664919253,0.9834444772372778,20C2
983,0.8119986583575098,0.9612662381159748,20C3
984,0.8450840951705453,0.9925777059933908,20C4
985,0.7309988187956042,1.0121051758208155,20C5
986,0.7193970752241756,0.6793771730067225,20C6
987,0.7752290473408603,1.0108322792766335,20C7
988,0.6174151642313319,0.7600473321332938,20C8
989,0.8373499656035661,1.0522099927838815,20C9
990,0.7619558005614209,0.8193875230498014,20D10
991,0.921560973892984,0.9996455346184964,20D11
992,0.9764829295975616,1.0598133088037989,20D2
993,0.92999629265101,1.0062532098492425,20D3
994,0.9745004777161124,0.8830026764201504,20D4
995,0.8907847781929491,1.0085104590850007,20D5
996,1.0300883164916237,0.9648261255758022,20D6
997,0.9684635378027616,0.9717082084753548,20D7
998,0.9061872735147704,1.0082591768512186,20D8
999,1.013269269916202,0.9670237494520402,20D9
1000,0.8925163871598796,0.7235862761154911,20E10
1001,0.8800766567817973,1.2604744181136722,20E11
1002,0.9228325872468002,1.0757972831243996,20E2
1003,0.8911891852968995,0.8669279479119251,20E3
1004,0.9264026177055524,1.0565577538932565,20E4
1005,0.9087977290994954,1.01150012840455,20E5
1006,0.8259347891006427,0.9335575551367712,20E6
1007,0.8810449183447372,1.2040314344794607,20E7
1008,0.8506746213490527,0.9748256790094536,20E8
1009,0.9294389894697448,1.097701259449828,20E9
1010,0.964398199869976,0.9252236125891192,20F10
1011,0.9904896707125403,0.7020056916565212,20F11
1012,0.9982579386870158,0.9615895286528822,20F2
1013,0.9610809458887986,0.8925862940377479,20F3
1014,1.0081114729885818,0.9806410319537274,20F4
1015,0.9483003067542743,0.9126793412134432,20F5
1016,0.7028128609569979,0.9008555368900356,20F6
1017,0.9872674884651548,0.975510332736542,20F7
1018,1.0290805103734704,0.8361882317894649,20F8
1019,1.0863543264345172,0.78897073253879,20F9
1020,0.6357289704130705,1.1091394937025916,20G10
1021,0.9436222841981576,0.9408921972174228,20G11
1022,0.9915264613913428,0.3351465712223455,20G2
1023,0.9568819850891096,1.0162267876267324,20G3
1024,0.8729848398048763,0.9979675949766872,20G4
1025,0.9109337031013708,0.8891948603299408,20G5
1026,0.8472378399883417,1.0076010059048344,20G6
1027,0.9319334818989368,1.064624429381491,20G7
1028,0.9003043440384345,1.0309604370069063,20G8
1029,1.005767321535603,0.7820714082375874,20G9
1030,0.9685128829450949,1.2876069576646227,20H10
1031,0.9800091698219382,1.041998076644158,20H11
1032,0.9981509405069156,0.9010811295273634,20H2
1033,0.9809137849413048,0.9869347889081228,20H3
1034,0.954063775184047,0.924525490006852,20H4
1035,0.9175652649618408,0.9418627790443912,20H5
1036,0.9115730536725576,0.9679347357641652,20H6
1037,1.02316298476431,0.8436090366489818,20H7
1038,1.0855596037516613,0.9432350941259956,20H8
1039,1.0271531849490527,0.7105860295325622,20H9
1040,1.1167847926405348,0.6714023632950241,21A10
1041,1.016121435606431,0.9142546924585594,21A11
1042,0.9679792644583204,0.58215982122478,21A2
1043,0.8710293248776038,0.9157043582756648,21A3
1044,0.881040814932916,1.0418226480443906,21A4
1045,0.9504578073130948,1.0166007814839422,21A5
1046,0.8073603291602599,0.7590579157876947,21A6
1047,0.8943268492929596,0.824286268078984,21A7
1048,1.0323073796277031,0.9624677679208422,21A8
1049,1.1908712225802127,0.808005357867909,21A9
1050,2.48949048653617,0.4121241592661247,21B10
1051,0.778320922238682,1.0580399450095677,21B11
1052,1.000318418597589,0.5748218261749124,21B2
1053,0.8052008263019267,0.9166837443076994,21B3
1054,0.7613788512745568,0.7291872758524914,21B4
1055,0.7097924483800069,1.1256575282489945,21B5
1056,0.7140068407387375,0.9022358557554334,21B6
1057,0.7800135429079184,0.8689329628538282,21B7
1058,0.6919305734141037,0.9461671644991912,21B8
1059,0.9572773542538826,0.9780254583092042,21B9
1060,0.9206224411384492,1.0068286154041377,21C10
1061,0.9247780491728944,0.6870829447247563,21C11
1062,0.9503637957163574,0.572165558648462,21C2
1063,1.0778703971431882,0.9805641698417232,21C3
1064,3.8176599840463186,0.3041589113951908,21C4
1065,0.9721602613793748,0.8377530129947314,21C5
1066,0.9716463232837134,0.7028577343657028,21C6
1067,0.6319669945534715,0.8474700400257066,21C7
1068,0.9695019143294,0.9921230197683776,21C8
1069,0.9636622814666131,0.998191696953708,21C9
1070,0.9415709553729168,0.8836583472670178,21D10
1071,0.8800698548230677,1.020799922166654,21D11
1072,0.953690175459786,0.958826591136794,21D2
1073,0.9276769947997956,1.007471578702031,21D3
1074,0.974201214799528,0.4952614685011577,21D4
1075,0.9844836858834982,1.0369676255777944,21D5
1076,0.9950920056431806,0.801392053338524,21D6
1077,0.9783322789183604,1.1477198838569065,21D7
1078,0.7914779223337254,0.9958518809452922,21D8
1079,0.9449567014387192,1.0041391339318262,21D9
1080,1.1010310870605609,0.3629413713519703,21E10
1081,0.8475739680184835,1.1811251224412358,21E11
1082,0.9870270140063048,1.0220315532251891,21E2
1083,0.8609518506041395,0.9548638177900624,21E3
1084,1.108561880278844,0.730564454950729,21E4
1085,0.9635706424111292,1.0321177196425717,21E5
1086,0.9242276588652338,0.8877036777945896,21E6
1087,0.9658824142038996,0.9940226080697304,21E7
1088,0.8715563863669937,0.7637013390400921,21E8
1089,0.997208941165302,1.033117007084014,21E9
1090,0.981070016694052,0.9748979786112232,21F10
1091,0.9557186979420133,0.9376901026300632,21F11
1092,0.951445616897235,0.6539045821591815,21F2
1093,0.9928438848759976,0.7528092075534164,21F3
1094,0.9661170727655508,0.7954431791149318,21F4
1095,1.152718099114324,0.957087935122397,21F5
1096,0.8900063219449575,0.9282349018309785,21F6
1097,0.8996219966768076,0.9460226015940872,21F7
1098,2.005556993167967,0.5044752598143663,21F8
1099,0.9710241231362946,0.999640394402782,21F9
1100,0.958167642002535,0.9403863568008228,21G10
1101,0.8696742360699141,0.7682572824458754,21G11
1102,0.8583582938817349,1.07500597556967,21G2
1103,0.8414378891230704,1.074365121082287,21G3
1104,0.9652085560331164,1.0001952942760657,21G4
1105,1.0073942722053308,0.9736845683877392,21G5
1106,0.9129430455274744,0.9367731716291348,21G6
1107,0.9966182613081684,0.7733095054570948,21G7
1108,1.0339195579105585,0.9267143600992824,21G8
1109,1.040637805447854,0.9253030188433684,21G9
1110,0.8911921055251675,0.7815091927005776,21H10
1111,0.866719151430176,0.8733579572850397,21H11
1112,0.9465688000320246,1.0540892730716411,21H2
1113,0.966653152011135,0.9486888073347436,21H3
1114,0.984566810811588,0.9890316062992474,21H4
1115,1.051062611175149,0.5367811529954964,21H5
1116,0.92943892282379,1.2820619842248124,21H6
1117,2.7618734802427714,0.947156011977914,21H7
1118,0.9931087573941414,0.9744728580826356,21H8
1119,0.9713903295967876,0.9202678662388878,21H9
1120,1.610146209982413,0.771731762801893,22A10
1121,0.9077404458581516,0.8605839230452088,22A11
1122,0.9762625318597452,0.9265309833894194,22A2
1123,0.9056152023519208,0.8559299239481278,22A3
1124,1.0033367871691612,1.0046757497636791,22A4
1125,0.9090643562341736,1.0397296327630858,22A5
1126,0.9285484561641966,0.904898369976432,22A6
1127,1.007927975818107,1.1403427336097618,22A7
1128,1.087160194235947,0.7121071911251912,22A8
1129,0.924123296536836,0.9643792600867148,22A9
1130,2.648241695460015,0.3700789799579179,22B10
1131,0.85619915138313,0.8690282475062635,22B11
1132,0.963222115191604,0.9976671092346772,22B2
1133,0.6877169894015932,0.9968322792593788,22B3
1134,0.9884137706042182,0.9713509042027588,22B4
1135,0.888216879137621,0.9843192554678746,22B5
1136,0.873604230335697,0.910275713283043,22B6
1137,0.856521826921592,1.0243184623167056,22B7
1138,0.858022763076575,0.6054752303939368,22B8
1139,0.939841402003439,1.0302862928682253,22B9
1140,0.9028317116968873,0.9059044497663568,22C10
1141,0.8366440315626762,0.856161770152018,22C11
1142,0.89274762430451,0.8133251890376698,22C2
1143,0.9229780185207512,1.06021684154569,22C3
1144,1.0764972805114883,0.7872935411216315,22C4
1145,0.8426837416565912,0.9942347326899138,22C5
1146,0.8818300531098319,0.9348682145480156,22C6
1147,0.9326580895545592,0.8667060804940189,22C7
1148,0.9492378651539016,0.8454484693822584,22C8
1149,0.9722748546165024,0.9873437695242429,22C9
1150,0.9182849771519777,0.975197147017314,22D10
1151,0.738521090811264,0.9321610812756618,22D11
1152,0.990500127857667,1.0220151157903348,22D2
1153,1.0073731571147329,0.9528001717754304,22D3
1154,0.6919367917326948,1.0218889978541768,22D4
1155,0.8730087237903675,0.883827157898496,22D5
1156,0.9211425246993448,0.4113423152518451,22D6
1157,1.0036250737914598,1.174146614396344,22D7
1158,0.911675543822859,0.9441561552630562,22D8
1159,0.9093385528413406,0.9829226615454614,22D9
1160,0.9423753169372916,1.1376038678659988,22E10
1161,0.98337908182285,1.0085604744410144,22E11
1162,0.9651216885750932,0.7837996112035991,22E2
1163,0.91057480622709,1.0201952818790343,22E3
1164,0.7398582544414508,0.9792724569766624,22E4
1165,0.85179457137983,0.9139564784795,22E5
1166,0.914739919611434,0.9168636325276496,22E6
1167,0.9665774563599124,1.0616282305688125,22E7
1168,0.8394396810453225,1.0071551739396936,22E8
1169,0.9651401023045144,1.1382311110801169,22E9
1170,1.5939901371514291,0.3711019689852999,22F10
1171,0.897506481604654,1.0364798162217193,22F11
1172,0.8595502193108964,1.0770753085129372,22F2
1173,0.8915423316525238,1.0671645620941803,22F3
1174,0.9196466640595274,1.1023330815977457,22F4
1175,0.991949835191542,1.2183743308093906,22F5
1176,0.8769043779743182,0.8875144062828688,22F6
1177,0.9047706830383868,1.233771313498913,22F7
1178,0.9366794494143662,1.1394096283436614,22F8
1179,0.934588521149585,1.2148249892654197,22F9
1180,0.8895699719065312,0.9364884801995376,22G10
1181,0.921082037088442,0.8715226697850228,22G11
1182,0.8950942672867062,1.17600977577419,22G2
1183,1.1125133030306045,0.877849008638323,22G3
1184,0.8386733227783141,0.8393405136993813,22G4
1185,0.8048302320808066,0.9301731110770518,22G5
1186,0.8530898746870339,1.0385354216994762,22G6
1187,1.088742629646341,0.8001848700357811,22G7
1188,1.0551443960898812,0.4693163260362714,22G8
1189,0.8430778578797792,0.9940109317559388,22G9
1190,0.7894053340291567,1.0659240758839528,22H10
1191,0.7621148123945826,0.8100081584392987,22H11
1192,0.8582226871072364,1.024039390887285,22H2
1193,0.9318710761227488,0.7835626118047293,22H3
1194,0.8845484302987048,0.8562940468799078,22H4
1195,0.9413605707157028,0.8694338733153084,22H5
1196,0.9139963559498552,0.932839043774881,22H6
1197,0.9350169456603392,0.9928813882272688,22H7
1198,0.8836189944797826,0.9922672545316248,22H8
1199,0.8889910733554968,1.0092704212222043,22H9
1280,0.8695860093346715,0.9057459647054434,3A10
1281,1.0303016606560258,0.8234637484453377,3A11
1282,0.8844276143361905,1.123219431795672,3A2
1283,0.8773141202675665,1.0914875745994737,3A3
1284,1.0087150088590784,0.9040925561078228,3A4
1285,0.9767771275358244,0.5725556961530607,3A5
1286,2.7929735934686777,0.4000641705875682,3A6
1287,0.9838276667582068,0.8508649789685512,3A7
1288,0.9645473415399284,1.042334980808153,3A8
1289,0.8844239823258309,0.8408456583846288,3A9
1290,0.9795334330133922,0.917769290884364,3B10
1291,0.9567056276360286,0.8205347233263522,3B11
1292,1.0092380906445442,1.001832672511539,3B2
1293,1.2193116716774652,0.8715049063378005,3B3
1294,1.1188009453528187,0.8364819100922221,3B4
1295,0.98620610192018,0.9117839411608,3B5
1296,1.0716571005964723,0.9141799078071676,3B6
1297,1.0858604371988834,1.0770440655392333,3B7
1298,0.9930256113442332,0.7176300381253561,3B8
1299,0.9472912211879072,1.3369616634845942,3B9
1300,1.0964987509589097,0.6248369489532026,3C10
1301,1.0028792855878366,0.9001140220599397,3C11
1302,1.1741179016109686,1.1380061001633544,3C2
1303,1.397066229440293,1.091243752129346,3C3
1304,1.0616416530616255,0.9796782013005584,3C4
1305,0.846465508762958,1.066965306555683,3C5
1306,0.985834497138024,1.0548566285175678,3C6
1307,1.14767324298275,1.0410625487937435,3C7
1308,1.0059391412104874,1.0522372125641897,3C8
1309,0.9986270382973708,1.00745650068587,3C9
1310,0.95117394160383,0.7343608227055091,3D10
1311,0.9656839682538876,0.8822011054112179,3D11
1312,0.8059519088148366,0.8275897812257305,3D2
1313,1.0218192533366446,0.8347677678824262,3D3
1314,0.9383573556671864,0.8569367962342638,3D4
1315,0.983762841683132,0.8403963399494567,3D5
1316,0.916561874119995,1.122097023106407,3D6
1317,0.9919974579577104,1.192506677446007,3D7
1318,0.8235991275924288,0.981200213475038,3D8
1319,0.897854330920754,0.8622845984502712,3D9
1320,1.0092017552237007,0.8638959727861358,3E10
1321,1.025103317935752,0.8481325235803258,3E11
1322,1.0750594373432387,0.9629767306877968,3E2
1323,0.8449405626567604,1.0180496152587355,3E3
1324,1.0458201850725557,0.8548857691502655,3E4
1325,1.0471226294175888,0.8848585359251742,3E5
1326,1.012653494111556,0.9441766667555732,3E6
1327,0.9620736972792024,0.4794384890083821,3E7
1328,0.947894384993139,0.9209089387076196,3E8
1329,0.9127364299393308,0.8997708925490846,3E9
1330,1.064665954942131,1.125407836795684,3F10
1331,1.0280767070878154,1.0867827702515982,3F11
1332,2.2710660702595233,1.0785079721099289,3F2
1333,1.0083901661891808,1.0787875974852683,3F3
1334,0.9175548208075814,0.9525252238503276,3F4
1335,1.1254268094920632,1.1238860610389363,3F5
1336,1.575220731934567,0.5969341177026882,3F6
1337,0.9972600857673112,1.1090283759134378,3F7
1338,1.087083776284257,1.3259535196794316,3F8
1339,1.043413695141654,1.0803000124607278,3F9
1340,0.8730674262321485,0.8693868146298331,3G10
1341,0.9639909943516322,0.8379525956252776,3G11
1342,0.9890103479443528,1.0215285042878994,3G2
1343,0.9443948136538444,0.8920334934450044,3G3
1344,0.9173111976182536,0.8685616321829408,3G4
1345,0.9799720887948088,0.9995174959371982,3G5
1346,0.8342413926107951,0.8993317807594523,3G6
1347,1.171491872350554,1.0168960379710608,3G7
1348,1.1012200599060045,0.7813316010328565,3G8
1349,0.9185011287859536,0.9557870617458633,3G9
1350,0.9476286645569686,0.7706016000116894,3H10
1351,0.9821696645875628,0.9626602098564244,3H11
1352,1.0048809769549665,0.8658300497943726,3H2
1353,0.9409401788449036,0.912659772886848,3H3
1354,0.9186621059305632,0.9644054956243824,3H4
1355,1.564803232979088,1.0095589221388972,3H5
1356,1.0140036213473116,0.288774553902326,3H6
1357,0.8973303376981976,0.8611098787673637,3H7
1358,0.9128274395302168,0.5051261059876393,3H8
1359,1.0130805259217508,0.880611809989326,3H9
1360,1.047502067722543,1.0918447081517957,4A10
1361,0.9601762810621304,0.9174927904295976,4A11
1362,0.9371042008715296,1.0370256667112547,4A2
1363,1.1644796128729615,0.5797370060404038,4A3
1364,0.9769649536459816,0.950024142571912,4A4
1365,0.935943807325292,1.0114804893235372,4A5
1366,1.040724875628032,0.8571963622272585,4A6
1367,0.8988112138457165,0.98203305041036,4A7
1368,1.0067154690335405,0.9715792096863072,4A8
1369,0.9469552014023476,1.0780695760749377,4A9
1370,0.934378061421209,1.0508185808541644,4B10
1371,2.48290638083465,1.0715846680708168,4B11
1372,0.9357543066324814,0.9625452030867716,4B2
1373,1.2044349866348492,1.7200070557138245,4B3
1374,0.9533774269831874,0.8519934639268669,4B4
1375,0.9381455815720372,0.2784025184955969,4B5
1376,0.959277753908087,0.9563120543598372,4B6
1377,2.956855548115164,0.8002586583683,4B7
1378,0.8568706757911497,1.1554130734124997,4B8
1379,1.3771525163049143,0.9510544615381216,4B9
1380,0.817029684803773,0.932085955591602,4C10
1381,1.078005847318967,0.9243766031306444,4C11
1382,0.9894645633111638,0.8853678690758702,4C2
1383,0.8463148712458611,0.9751797103279908,4C3
1384,0.959543798720369,0.6241516668063202,4C4
1385,1.7283255217474625,0.7367480701320024,4C5
1386,0.9759790333070156,0.8955701360531964,4C6
1387,1.0046313627300858,0.8931282219415883,4C7
1388,0.9299728936609724,1.0389453233401325,4C8
1389,0.9689363609399704,0.7400842710773855,4C9
1390,0.8377142411980593,0.8825171791474287,4D10
1391,1.044213834948304,0.2746117813708643,4D11
1392,0.9608959695233134,0.9643347841899376,4D2
1393,1.0079448663399,0.9441169149697944,4D3
1394,0.9912658588730602,0.900535603361941,4D4
1395,0.9710018321927922,0.9176834326879126,4D5
1396,0.9859757427841986,0.9174154362105414,4D6
1397,0.9865737336446304,0.8708136075905301,4D7
1398,0.9328313623713068,0.9429443134071404,4D8
1399,0.9274421297545078,0.8675545003980145,4D9
1400,0.9458673602385804,0.7258767322586633,4E10
1401,1.0117849111228263,1.0978562702657726,4E11
1402,1.0990418682855962,1.0282467181701649,4E2
1403,0.9724244814345734,0.9155102658130898,4E3
1404,0.9935681710169968,0.9335685790409112,4E4
1405,1.0303926655272904,0.964612588472824,4E5
1406,1.0911905693889024,0.673820148469125,4E6
1407,1.118751000585892,1.0334115382876077,4E7
1408,1.105745688994015,0.8211000602447809,4E8
1409,1.0295582502340634,0.9511452017079896,4E9
1410,0.9664052973848446,0.8483210854218661,4F10
1411,1.0414509270207102,0.593500257006702,4F11
1412,1.0683619378713096,0.9501537979934463,4F2
1413,0.9381795393152496,0.9599919918015428,4F3
1414,1.0282538862641375,0.8506290111438248,4F4
1415,1.1360427013531236,0.4834719961218547,4F5
1416,1.0259446205024638,0.7746166042161308,4F6
1417,1.08000307639834,0.9487052459997446,4F7
1418,0.9759543276800912,0.811867250396374,4F8
1419,0.9469114750641592,0.8510727309752538,4F9
1420,0.9181660071224724,0.8926267543609644,4G10
1421,0.949325530512682,0.9356424440549288,4G11
1422,0.9644793470930938,1.0059223959860593,4G2
1423,0.9103376630036936,0.9366822560070088,4G3
1424,1.1015364474218656,0.99249207808062,4G4
1425,1.0046937655845256,0.8286865071058377,4G5
1426,0.926037800492081,0.6995834242174629,4G6
1427,0.9501378890466402,0.8514021599030698,4G7
1428,0.9638037468568303,0.934621494839318,4G8
1429,0.942688835519122,0.5818846887860369,4G9
1430,0.9358786271766212,0.8552601819116208,4H10
1431,1.007799481083758,0.8558551982006798,4H11
1432,0.9465160953913404,0.994600781518488,4H2
1433,0.8420320057801909,0.971600823621646,4H3
1434,1.0236505922003096,0.9172646898634714,4H4
1435,0.9152359865860956,0.8831561883822332,4H5
1436,1.05791207380795,0.500179796460523,4H6
1437,0.982683906986764,0.9448330397967912,4H7
1438,0.9428957820481838,0.8613991855906552,4H8
1439,0.9890848531923068,0.8674382177793083,4H9
1440,1.0438072787005734,1.068079418676943,5A10
1441,0.9777162694401128,0.9346011312665086,5A11
1442,0.8761289815091928,0.8018570841940078,5A2
1443,1.0311877589121703,1.027597225334894,5A3
1444,1.0396665275764312,1.1202282785981472,5A4
1445,1.0411168351829871,1.2571653696066336,5A5
1446,1.3724008920620856,0.6414432945972673,5A6
1447,1.034456481861015,1.0686104567376224,5A7
1448,1.009407334254729,0.8969151682933177,5A8
1449,1.1272589616412076,0.9484261066208836,5A9
1460,0.9074555168493228,1.135673581922915,5C10
1461,0.9478230393425896,1.0258096886831978,5C11
1462,0.9226054492521926,0.8023990550737177,5C2
1463,0.9875429767868578,1.259501674424256,5C3
1464,1.0122409092078952,0.8174153183448783,5C4
1465,0.886801679255024,0.6468242075273737,5C5
1466,0.9344682535717482,0.9171614402050572,5C6
1467,0.9333335604233558,0.9460915935776116,5C7
1468,0.859902487544112,1.1793958698508114,5C8
1469,0.9676328590179722,1.011829165181061,5C9
1470,0.9667355654815722,0.9996928586722864,5D10
1471,1.013392401843568,0.955033889466828,5D11
1472,1.009155266939905,0.8740257885123796,5D2
1473,0.9888915390169506,0.9399394954250077,5D3
1474,1.099633212343926,1.3489721521217872,5D4
1475,0.8262827511471501,1.0360759140906943,5D5
1476,1.0139913217561107,1.0225188851861096,5D6
1477,1.0760782691620854,1.1776954562743345,5D7
1478,0.8372433106049861,1.2104107417100092,5D8
1479,0.8837591529305838,0.3218608474690252,5D9
1490,1.0093995570524132,0.7998922299307392,5F10
1491,1.0364858502029772,1.0503830044792957,5F11
1492,0.910676936559947,0.9588535513021446,5F2
1493,0.8825298399667247,1.0165746386874066,5F3
1494,1.0420707447181523,1.0591347386126282,5F4
1495,1.027776798644368,0.285717745172759,5F5
1496,0.8890516105549016,1.1131383086270903,5F6
1497,0.8575098687371692,0.9365735651135008,5F7
1498,1.358635047624843,0.4240125112372631,5F8
1499,0.929903117738051,0.9131821331200084,5F9
1500,0.9323961894372692,0.8831341815141204,5G10
1501,1.025448802667402,1.3147036190983,5G11
1502,0.92143651395002,0.8605910091429938,5G2
1503,1.0172415974448985,0.9489955999452796,5G3
1504,1.145019195598297,0.1962093593996524,5G4
1505,1.0509773317827178,0.3344364077329331,5G5
1506,1.0161820590590227,0.9593022788082304,5G6
1507,1.028639065517669,0.4880548324439329,5G7
1508,1.0037073802391272,0.8258027188766528,5G8
1509,0.9764959603592868,0.9847412176799422,5G9
1510,0.9494121677372525,0.7353333980513133,5H10
1511,0.8739020865441411,1.0373259874077303,5H11
1512,0.763036628850326,0.929512290189434,5H2
1513,1.1129628243289644,0.6605050093147155,5H3
1514,0.7669811428227333,0.9689831992711784,5H4
1515,0.8731534629537092,0.7464269121804316,5H5
1516,0.7400127916987405,1.0975039666175723,5H6
1517,0.8874839086614128,1.0739098008677548,5H7
1518,0.9576844584115184,1.0283596256542435,5H8
1519,0.9628556572345512,0.7463667572892478,5H9
1520,1.1119695739640347,1.0539437170595398,6A10
1521,0.9862706418168536,0.904089479371826,6A11
1522,0.6903783560999568,0.4111743427139627,6A2
1523,1.2776836958626214,1.1752742069133066,6A3
1524,1.06801610047173,0.7337221789932682,6A4
1525,0.9425008080980986,0.8241298955482556,6A5
1526,1.0085454815890738,1.0580447823213095,6A6
1527,1.0926146896861746,0.6709890534768419,6A7
1528,0.7028313796569117,1.0929312173343757,6A8
1529,1.0417327617510763,1.031526283196068,6A9
1530,1.148693129637459,0.9287079703242024,6B10
1531,0.9887395276482576,0.8199987399097582,6B11
1532,1.1375709350198775,0.6262181445844323,6B2
1533,1.0366769194886227,0.9973907570898982,6B3
1534,0.9226019537977438,0.935595450467579,6B4
1535,0.9850768336897862,0.9961457216120744,6B5
1536,0.940136570087444,0.903350642938232,6B6
1537,1.0253139883338578,0.9142850561120794,6B7
1538,1.0074465891839324,0.930499567535834,6B8
1539,0.9428296539099906,0.9413626407361728,6B9
1540,0.8986313440299818,0.8534819217171574,6C10
1541,0.9761862575885424,0.6945191327612235,6C11
1542,0.9357054974519344,0.8501220613689138,6C2
1543,0.9116381669130268,0.924595827514344,6C3
1544,0.8391726749293448,0.4565709105453195,6C4
1545,0.9223458636431036,0.9524200841997312,6C5
1546,0.9337437000490242,0.9387280433408568,6C6
1547,1.5258149822674167,0.3603272859757342,6C7
1548,0.9809131568046078,0.9450644469501956,6C8
1549,0.9593247121630192,0.879322558183012,6C9
1560,0.9578643873872378,0.9705168205876652,6E10
1561,0.9598168158323248,1.0177930380877198,6E11
1562,0.9812808117614,0.8186452582942197,6E2
1563,0.8546165308441074,0.7261344717530405,6E3
1564,0.8966759531693959,0.9998785853427806,6E4
1565,0.8492293237547144,0.6418332790139767,6E5
1566,0.9645950291246596,0.884551010554309,6E6
1567,1.023571833190049,1.0227026430778663,6E7
1568,0.9519629666963214,0.6196788931486908,6E8
1569,0.8084968788261943,0.91468714537175,6E9
1570,1.2220196641823582,0.583804768859078,6F10
1571,1.04502910441093,0.7871197888833752,6F11
1572,1.0576311474792148,0.4449143436513969,6F2
1573,0.8618182640271214,1.021293175071177,6F3
1574,1.0590758717059048,0.5339969365042837,6F4
1575,0.9271292726750116,0.956341145645262,6F5
1576,0.9091612956011274,0.9581451205193006,6F6
1577,1.0730993856154138,1.017353629871659,6F7
1578,0.8376722069292944,0.8235213927825172,6F8
1579,1.015193719002215,0.995789385268863,6F9
1580,0.8926803294591036,1.0310178912786716,6G10
1581,0.8777232211917726,0.941470473763308,6G11
1582,0.7665120181656085,0.9714554173318904,6G2
1583,0.8087549218444855,0.8780198453247595,6G3
1584,0.8509234307574364,0.9338247201465852,6G4
1585,0.9022772745181998,0.918120197580351,6G5
1586,0.7807955119444734,0.9648099890074736,6G6
1587,0.8689358217973928,1.1171607382270383,6G7
1588,0.7779774862205446,1.22796382666205,6G8
1589,0.8554706296114917,0.8945055501996807,6G9
1590,0.91793275693015,0.8226683600491606,6H10
1591,1.0665847949039289,1.044602936179774,6H11
1592,1.01969467730729,0.959073965997178,6H2
1593,0.9793617411575244,0.9163477355257648,6H3
1594,1.2295524866721643,0.2138164142439215,6H4
1595,1.1436597814299907,0.9425655393089648,6H5
1596,0.84512803488289,0.7213310099371653,6H6
1597,1.0661343108161638,1.0145023170101348,6H7
1598,0.8013352997707808,1.0127963972102263,6H8
1599,1.0964303803222053,0.9070833928237813,6H9
1600,0.9772732984424772,1.1132366224701853,7A10
1601,1.0643078950509857,1.028542755714021,7A11
1602,0.99334094607415,0.9668467376051324,7A2
1603,1.0472086791528177,1.02138227025962,7A3
1604,1.049299303230022,0.9857913525903824,7A4
1605,1.0667566425613988,1.0342704572081147,7A5
1606,1.1725530588139206,1.0198008709441897,7A6
1607,0.954279575026859,0.846633878628013,7A7
1608,0.9931343968133296,0.8988185482826987,7A8
1609,1.1958707425720805,0.8527592741396277,7A9
1610,1.0410622400103062,0.9684720733466426,7B10
1611,0.8461145114580141,0.9698789122694804,7B11
1612,0.999066246823731,0.811612467069423,7B2
1613,0.9558469363885728,0.972054820906361,7B3
1614,1.0595900603119377,0.7029144848769503,7B4
1615,0.8504336291538163,0.9795437935554456,7B5
1616,0.8843158358589042,1.016331995039176,7B6
1617,1.0680933564841917,0.98122943841155,7B7
1618,0.8622126590221472,0.9165784070226968,7B8
1619,1.0775674306549687,1.0305706963483658,7B9
1620,1.7888024341121862,1.0242972204646223,7C10
1621,1.0260269224720744,1.062069503138108,7C11
1622,1.0112175995032977,0.8311104654710498,7C2
1623,0.9779514404896892,0.9962224666910132,7C3
1624,1.0298758224350824,1.0629036949976565,7C4
1625,0.9031486528752938,0.859069307079696,7C5
1626,1.1531039920285002,0.2797909851208007,7C6
1627,0.9949196464377162,0.6591836868556626,7C7
1628,1.0034778115776863,0.2974665379805413,7C8
1629,0.892043604537581,0.7716890865598858,7C9
1630,0.803987134872347,0.958564990988312,7D10
1631,0.8512841618167987,1.1438996747198762,7D11
1632,0.234623669169596,0.0963202774759624,7D2
1633,0.9727302883111028,1.0791602241154232,7D3
1634,0.5708751963502955,0.9309986136771384,7D4
1635,0.9230550234421834,1.2080360228986846,7D5
1636,0.8907402685022873,0.8976379226306406,7D6
1637,0.9434273288633968,1.1859148681343252,7D7
1638,1.0845598369861549,1.0562356588416588,7D8
1639,1.0404980839308893,1.1033013900880309,7D9
1640,0.9800577886743128,1.050146039809073,7E10
1641,0.9846836388358796,1.048344512011004,7E11
1642,0.9210485041618872,0.953492905334379,7E2
1643,0.9836943539559584,0.9527639060065332,7E3
1644,0.974832461406406,0.987990349552525,7E4
1645,0.8734680029504649,0.9400426900282214,7E5
1646,0.9911528728964164,0.8623119379134573,7E6
1647,0.9411078546922622,0.9656768461149964,7E7
1648,0.8988724449216059,0.8207384067489637,7E8
1649,0.9496655790548544,0.9976927110101932,7E9
1650,1.1898572369001092,0.9084894318520051,7F10
1651,0.9633446574308254,0.793596987553418,7F11
1652,0.9223898712153692,0.9572036617573492,7F2
1653,1.056895740309843,0.9252085319395972,7F3
1654,0.9947529296689638,0.5173968217510295,7F4
1655,1.038636808325207,0.9516602306095684,7F5
1656,1.0149986491618863,0.9570644404200664,7F6
1657,1.006035044448162,1.2194566910664484,7F7
1658,1.029950999079159,0.9802689610108706,7F8
1659,1.0035657514021483,0.2771797950403551,7F9
1660,0.8711405085223971,0.9813135586639432,7G10
1661,1.0050823810514735,1.0092931378314678,7G11
1662,0.9258419299990388,0.982640612678789,7G2
1663,0.694022037109914,0.9787475374113792,7G3
1664,0.9634431863053222,0.9835101932575128,7G4
1665,0.5118046477448278,0.258772303711432,7G5
1666,0.9767179709086616,0.9013184501174554,7G6
1667,0.9452194065007332,1.0699703134268428,7G7
1668,0.7039860551457107,0.961613742517934,7G8
1669,0.903055924373032,0.9934578197023944,7G9
1670,0.939308874811624,1.0219834864832251,7H10
1671,0.9196846955902784,1.0634239133043788,7H11
1672,1.019127391504524,0.9429843222442372,7H2
1673,1.174780059672584,1.0465392460087597,7H3
1674,0.9823414899799636,1.0074494567400538,7H4
1675,0.9394474412336128,0.9896516296698792,7H5
1676,0.8793471586239104,0.90090168828079,7H6
1677,0.8220456855041531,1.023297720318863,7H7
1678,0.8468335927583173,0.961577578414189,7H8
1679,0.8013063949371382,0.8367197866294604,7H9
1680,1.0133678269880595,1.0790456325851574,8A10
1681,0.8159814969032884,0.8890169700929687,8A11
1682,0.8609111715441174,0.9896609605284284,8A2
1683,1.171846666029317,0.336807165072321,8A3
1684,0.9526629877018444,0.5061166395583253,8A4
1685,1.0878021698290332,1.0861909220263384,8A5
1686,1.019706765540285,0.8422243730558698,8A6
1687,1.089641268294519,1.2318077787197277,8A7
1688,1.0502442468661422,0.5998774707340563,8A8
1689,1.2386746665530182,1.29929916436061,8A9
1700,1.3096122906532537,0.8839224282612963,8C10
1701,1.3963768749365082,1.0781198044703826,8C11
1702,0.968505555411181,0.8112838323040221,8C2
1703,1.3367450936848104,0.8790293220653266,8C3
1704,1.23223296108259,0.7571266450943073,8C4
1705,1.2428930190582614,0.8879984180760324,8C5
1706,1.1599651295475106,0.7521610797418209,8C6
1707,1.190187605869388,0.9415992735403734,8C7
1708,1.029864794309218,0.7645790340375486,8C8
1709,1.1770771662323616,0.9584607875104396,8C9
1710,1.0158464572939503,0.8872072547593977,8D10
1711,1.0724540330607786,0.9429502555351894,8D11
1712,1.0050134649087992,0.9574016931926644,8D2
1713,1.042336604400369,0.8817035777856609,8D3
1714,0.9700108085662474,0.8362176102239167,8D4
1715,1.077498030642591,0.2815859817155356,8D5
1716,0.9601670747867292,0.8281444883769994,8D6
1717,0.9187891963189804,0.8388808919835239,8D7
1718,0.8313802600162431,0.834038067935963,8D8
1719,1.080856624674064,0.3714440190130356,8D9
1720,0.790713415646157,0.93750051437653,8E10
1721,1.6331160502130142,0.9824750268055048,8E11
1722,0.9895104406347328,0.8914343677092621,8E2
1723,0.9972458483462396,0.8466494562222642,8E3
1724,0.9433952828778952,0.4164843819503021,8E4
1725,0.9808311911169408,0.8824188717508996,8E5
1726,0.9210604497798002,0.9089921874280604,8E6
1727,0.9357697341000362,1.0016569074773496,8E7
1728,0.9783820062879474,1.1864583781663038,8E8
1729,1.01069037677086,0.9351195590330214,8E9
1730,0.98917311949901,1.0688733892379283,8F10
1731,0.6472217945632132,0.8643825820510436,8F11
1732,0.9120777650323348,1.0823247077349205,8F2
1733,1.1861816507541372,0.9790360178614904,8F3
1734,0.9900932489387436,0.9604633961096904,8F4
1735,3.0888658629442856,0.9887993619525224,8F5
1736,0.9417279062320882,0.6561652221297843,8F6
1737,1.0129457803066284,0.8208226429922331,8F7
1738,0.9805222403164144,0.9254349677578756,8F8
1739,0.99880484365389,0.9683161173276528,8F9
1740,1.0233523670101798,1.0604321721266206,8G10
1741,1.1167527117989258,0.8775665428355623,8G11
1742,0.897743784696868,0.8484895311843277,8G2
1743,1.0415114982800917,1.081983275918868,8G3
1744,1.0754812252246686,0.9639971067619916,8G4
1745,1.1090954962364823,1.0625530139227093,8G5
1746,0.9855459617153256,0.8111689593573231,8G6
1747,0.7543915299728653,0.7668337321579092,8G7
1748,0.8752251425595838,0.9908897308571232,8G8
1749,0.9553318565361608,0.97917168225379,8G9
1750,0.9759474033622132,0.9279237541645315,8H10
1751,1.0326110631009158,0.945708266057128,8H11
1752,1.0664356643431097,1.0147693144765564,8H2
1753,1.104408851736677,0.8467158781805516,8H3
1754,0.8691084076629207,0.6933250199343962,8H4
1755,1.0266806961901396,0.7731816421582309,8H5
1756,1.0317329847967582,0.5436417270870617,8H6
1757,1.052278140415656,1.1912887691899263,8H7
1758,1.024510583225529,0.8602249279255035,8H8
1759,0.860129488579839,0.9462767401161244,8H9
1760,1.2120531362371034,0.865322213535849,9A10
1761,1.0364534698777872,0.9121312044968036,9A11
1762,0.700145564675134,1.211387893258363,9A2
1763,3.206492946783139,0.3837748669201187,9A3
1764,1.1090401087117463,1.184313695167507,9A4
1765,0.9629726270978995,0.9371946880199412,9A5
1766,1.3489601580835309,1.1504506559803,9A6
1767,1.2700642507523778,1.0782138556403127,9A7
1768,0.9961549230324954,1.07785809342631,9A8
1769,1.0080207162133836,1.081447449261718,9A9
1770,1.1555096355075078,0.9185945747245904,9B10
1771,0.6874644810749673,0.9228039229284768,9B11
1772,1.0264253416200444,0.9973349615068616,9B2
1773,0.8994361499247364,0.9442668237234696,9B3
1774,0.8827124736028307,0.9256476509360584,9B4
1775,0.9668588513530478,0.9668000533146416,9B5
1776,0.921867333689128,0.726811429213786,9B6
1777,1.2038430184328048,1.2122453451371042,9B7
1778,0.9390962149514068,0.8455010968699576,9B8
1779,1.2163794447852574,0.6785327226684355,9B9
1780,0.9608606112802162,0.8066813860362426,9C10
1781,0.9345563484915212,0.7893333280404498,9C11
1782,1.0326616296422906,0.982946807041487,9C2
1783,1.0213143543689631,0.7654847541567147,9C3
1784,0.9150265109429544,0.8212008898309038,9C4
1785,0.9722391145706634,1.02456129931257,9C5
1786,0.9246377550014128,0.9258715933487988,9C6
1787,0.9614925677319248,1.2851298836869114,9C7
1788,2.987630007166007,0.1846903658798384,9C8
1789,0.9882397752897628,0.9642028330692084,9C9
1790,2.1232390464928117,0.4651658681115768,9D10
1791,0.9408906073099008,1.4439289980915484,9D11
1792,0.8856205040767227,1.5398997619155177,9D2
1793,0.8721679360980387,1.4959284306740466,9D3
1794,1.0525269664378516,0.5226427659101004,9D4
1795,0.9817670650010648,1.0453455647186876,9D5
1796,0.8281447134052781,1.0683518434345918,9D6
1797,0.7977968315481001,1.183638964892961,9D7
1798,0.9061313505761882,0.6842718065499318,9D8
1799,1.011265576142365,0.8501775872086196,9D9
1800,0.954555309191723,0.902585699383864,9E10
1801,0.984881842791234,0.7043027569449551,9E11
1802,1.0706545079441214,0.9726166154965546,9E2
1803,1.0348964113479149,0.3783098934607352,9E3
1804,0.9327291716820406,0.8442370254415452,9E4
1805,1.3989625714676306,0.2772370119917646,9E5
1806,1.0764925175616695,1.0196893195116707,9E6
1807,1.5447160373318456,1.0228663615023073,9E7
1808,0.8686224589606285,0.901085823304802,9E8
1809,1.0417737827660185,0.885538852936611,9E9
1810,0.9840074959811024,0.9587448132309004,9F10
1811,0.713975930371786,0.5188392911677231,9F11
1812,0.9316966289738032,1.0111340899783785,9F2
1813,0.9195798336418612,0.8382340626201548,9F3
1814,0.9385049491517116,0.8145286354566972,9F4
1815,2.694402361777131,0.3112282943923672,9F5
1816,0.8304708458372296,0.8665260576884952,9F6
1817,0.9999879453434848,0.989979420225726,9F7
1818,0.7350922395881163,0.9705801158128432,9F8
1819,0.8173906885091826,0.6594976778449998,9F9
1830,0.999967655572174,1.0593898467578875,9H10
1831,1.073669438275494,0.947925800542684,9H11
1832,1.2237716794860367,0.7132673056045592,9H2
1833,1.0782094004961542,0.997083955847781,9H3
1834,1.1481796694531734,0.991532087387433,9H4
1835,1.0110453850098124,0.8393775327984566,9H5
1836,0.8244175248349228,0.6867998050448629,9H6
1837,1.2076225633879951,1.0204038976677987,9H7
1838,0.913226813266122,0.9753540702998006,9H8
1839,1.0380815456683283,0.9288337756693228,9H9
